{"cameraMode":{"drawMode":0,"name":"Shaded","section":"Shading Mode"},"sceneLighting":true,"audioPlay":false,"sceneViewState":{"showFog":true,"showMaterialUpdate":false,"showSkybox":true,"showFlares":true,"showImageEffects":true,"showParticleSystems":true},"in2DMode":false,"pivot":{"x":-0.8999999761581421,"y":4.119999885559082,"z":-33.400001525878909},"rotation":{"x":-0.3935873210430145,"y":0.04299510270357132,"z":-0.01843191124498844,"w":-0.9180962443351746},"size":18.67331314086914,"orthographic":true}