{"cameraMode":{"drawMode":0,"name":"Shaded","section":"Shading Mode"},"sceneLighting":true,"audioPlay":false,"sceneViewState":{"showFog":true,"showMaterialUpdate":false,"showSkybox":true,"showFlares":true,"showImageEffects":true,"showParticleSystems":true},"in2DMode":false,"pivot":{"x":-4.137530326843262,"y":5.460453033447266,"z":-13.506111145019532},"rotation":{"x":0.2867150902748108,"y":0.03533881530165672,"z":-0.010584075935184956,"w":0.9573054313659668},"size":7.932740688323975,"orthographic":true}