{"cameraMode":{"drawMode":0,"name":"Shaded","section":"Shading Mode"},"sceneLighting":true,"audioPlay":false,"sceneViewState":{"showFog":true,"showMaterialUpdate":false,"showSkybox":true,"showFlares":true,"showImageEffects":true,"showParticleSystems":true},"in2DMode":false,"pivot":{"x":4.659043788909912,"y":0.6915791034698486,"z":-7.08804988861084},"rotation":{"x":-0.37822338938713076,"y":0.23797520995140077,"z":-0.10126160830259323,"w":-0.8888537287712097},"size":10.153745651245118,"orthographic":true}