{"cameraMode":{"drawMode":0,"name":"Shaded","section":"Shading Mode"},"sceneLighting":true,"audioPlay":false,"sceneViewState":{"showFog":true,"showMaterialUpdate":false,"showSkybox":true,"showFlares":true,"showImageEffects":true,"showParticleSystems":true},"in2DMode":false,"pivot":{"x":0.928799033164978,"y":4.573185920715332,"z":1.5093910694122315},"rotation":{"x":0.015938738361001016,"y":-0.9503493309020996,"z":0.04936537519097328,"w":0.3068309724330902},"size":7.997899532318115,"orthographic":true}