{"cameraMode":{"drawMode":0,"name":"Shaded","section":"Shading Mode"},"sceneLighting":true,"audioPlay":false,"sceneViewState":{"showFog":true,"showMaterialUpdate":false,"showSkybox":true,"showFlares":true,"showImageEffects":true,"showParticleSystems":true},"in2DMode":false,"pivot":{"x":6.809471130371094,"y":2.4983749389648439,"z":-22.570331573486329},"rotation":{"x":-0.13381178677082063,"y":0.12541615962982179,"z":-0.017072614282369615,"w":-0.9828905463218689},"size":14.729704856872559,"orthographic":false}